#ID,#SEGMENT
1,https://
2,36049008-0c55-496e-873e-a2f971037d73
3,media
4,stream
5,cdn.glitch.global
6,daily
7,raw.kiko-play-niptan.one
8,cdn.glitch.me
9,fast.kiko-play-niptan.one
10,cbd0ac37-5557-4012-b498-643e6f89d54c
11,%E6%9C%AC%E7%B7%A8
12,api.asmr-200.com
13,api
14,cover
15,wav
16,WAV
17,hvdb
18,SE%E3%81%82%E3%82%8A
19,%E3%82%A4%E3%83%A9%E3%82%B9%E3%83%88
20,02_wav
21,MP3
22,43bf1b52-1acd-4635-9e88-afc9baf0e898
23,1d46fb5f-c750-4e6d-9785-7de06c91262f
24,%E9%9F%B3%E5%A3%B0%E3%83%87%E3%83%BC%E3%82%BF
25,%E5%A3%81%E7%B4%99
26,%E3%82%B9%E3%83%9E%E3%83%9B%E7%94%A8
27,2025-05-12
28,2022-12-27
29,2025-03-04
30,1.%E9%9F%B3%E5%A3%B0%E3%83%95%E3%82%A1%E3%82%A4%E3%83%AB
31,2022-03-29
32,RJ374552
33,2024-08-21
34,d0ba9ac8-9843-4269-aa9a-93830f7c36ff
35,2025-04-07
36,01_mp3
37,%E3%82%A4%E3%83%A9%E3%82%B9%E3%83%88JPG
38,RJ01363329
39,RJ426205
40,2024-09-16
41,RJ01221507
42,2022-06-22
43,RJ395212
44,RJ01329464
45,%E3%82%B9%E3%83%9E%E3%83%9B%EF%BC%86PC%E5%A3%81%E7%B4%99
46,2025-02-05
47,2025-03-03
48,RJ01325161
49,2025-06-08
50,RJ01374366
51,2025-11-14
52,RJ01474192
53,%E9%9F%B3%E5%A3%B0
54,2023-03-29
55,2025-12-04
56,2023-03-23
57,RJ01032881
58,2022-12-12
59,2023-06-19
60,RJ01058204
61,2025-04-06
62,BGM%E5%8A%B9%E6%9E%9C%E9%9F%B3%E5%85%A5%E3%82%8A
63,2024-06-21
64,RJ01184348
65,PC%E7%94%A8
66,%E9%9F%B3%E5%A3%B0%E6%9C%AC%E7%B7%A8
67,04_omake
68,2021-10-12
69,RJ01192283
70,4300-4399
71,2021-09-13
72,RJ338130
73,2023-01-11
74,2024-11-08
75,%E7%94%BB%E5%83%8F
76,2023-04-24
77,RJ01046110
78,SE%E6%9C%89
79,SE%E5%8A%B9%E6%9E%9C%E9%9F%B3%E3%81%82%E3%82%8A
80,%E7%89%B9%E5%85%B8%E3%82%A4%E3%83%A9%E3%82%B9%E3%83%88
81,2024-02-07
82,05.%20%E7%89%B9%E5%85%B8
83,2025-08-14
84,RJ01397422
85,01%E9%9F%B3%E5%A3%B0%E3%83%87%E3%83%BC%E3%82%BF
86,9300-9399
87,RJ306372
88,2023-02-20
89,RJ438225
90,01_%E6%9C%AC%E7%B7%A8SE%E3%81%82%E3%82%8A
91,2025-07-19
92,RJ01361036
93,9800-9899
94,RJ316856
95,%E3%83%A1%E3%82%A4%E3%83%B3%E3%83%93%E3%82%B8%E3%83%A5%E3%82%A2%E3%83%AB
96,RJ01004501
97,2023-04-03
98,RJ01027347
99,%E6%9C%AC%E7%B7%A8(%E9%80%9A%E5%B8%B8ver)
100,%E3%80%9004%E3%80%91%E3%81%8A%E3%81%BE%E3%81%91%E3%83%AB%E3%83%BC%E3%83%97%EF%BC%88%E3%82%AA%E3%83%8A%E3%82%B5%E3%83%9D%EF%BC%89
101,%E2%96%A001_%E6%9C%AC%E7%B7%A8%E3%80%8ESE%E3%81%82%E3%82%8AWAV%E3%80%8F
102,2023-10-19
103,RJ01098713
104,2025-06-07
105,2021-05-18
106,RJ319007
107,%E5%8A%B9%E6%9E%9C%E9%9F%B3%E3%81%82%E3%82%8A
108,2023-02-15
109,RJ01022104
110,RJ01024466
111,2024-06-13
112,RJ01069303
113,1.%E6%9C%AC%E7%B7%A8
114,%E2%96%A009_%E3%80%9010%E6%97%A5%E9%96%93%E9%99%90%E5%AE%9A%EF%BC%81%E3%80%91%E6%97%A9%E6%9C%9F%E8%B3%BC%E5%85%A5%E7%89%B9%E5%85%B8%E3%80%8E%E5%85%A8%E8%A3%B8%E5%B7%AE%E5%88%86%E3%82%A4%E3%83%A9%E3%82%B9%E3%83%88%E3%80%8F
115,2022-12-28
116,RJ439902
117,RJ01308666
118,RJ01343492
119,2025-07-05
120,RJ01383365
121,2025-08-27
122,RJ01435209
123,2025-09-02
124,RJ01435198
125,RJ01492689
126,2023-05-06
127,2021-08-26
128,RJ336256
129,%E7%89%B9%E5%85%B8
130,2022-07-01
131,RJ390191
132,2021-08-20
133,RJ338124
134,mp3
135,2024-09-29
136,RJ01239843
137,01_%E6%AD%A3%E7%AF%87%E5%90%ABSE
138,RJ01344347
139,2025-07-25
140,RJ01406339
141,2025-10-28
142,RJ01464547
143,2025-10-21
144,RJ01424203
145,2023-04-05
146,RJ01035824
147,RJ437151
148,wav%E3%83%87%E3%83%BC%E3%82%BF
149,2023-03-06
150,RJ01028850
151,2022-11-24
152,RJ430567
153,2023-10-22
154,RJ01096832
155,RJ01226007
156,2024-12-27
157,RJ01282001
158,2024-12-26
159,RJ01296292
160,RJ01288798
161,2025-08-22
162,RJ01413902
163,01%E9%80%9A%E5%B8%B8%E7%89%88
164,2023-04-04
165,RJ01024994
166,RJ223101
167,04_%E7%89%B9%E5%85%B8%E3%82%A4%E3%83%A9%E3%82%B9%E3%83%88
168,%E3%83%91%E3%83%83%E3%82%B1%E3%83%BC%E3%82%B8%E3%82%A4%E3%83%A9%E3%82%B9%E3%83%88(%E3%83%AD%E3%82%B4%E7%84%A1%E3%81%97).png
169,2022-08-07
170,RJ388694
171,RJ437091
172,2021-03-05
173,RJ315439
174,%E3%83%91%E3%83%83%E3%82%B1%E3%83%BC%E3%82%B8%E3%82%A4%E3%83%A9%E3%82%B9%E3%83%88
175,%E3%82%B9%E3%83%9E%E3%83%9B%E7%B8%A6B.jpg
176,%E3%82%B9%E3%83%9E%E3%83%9B%E7%B8%A6A.jpg
177,2022-11-29
178,RJ432880
179,2022-11-05
180,RJ418151
181,RJ01025198
182,RJ01008483
183,2021-09-27
184,RJ337731
185,RJ437887
186,RJ343049
187,2023-07-23
188,RJ01070736
189,2022-10-23
190,RJ412274
191,RJ343424
192,2024-07-07
193,RJ01184547
194,2024-05-22
195,RJ01173411
196,2024-04-23
197,RJ01171467
198,%E3%80%9001%E3%80%91%E6%9C%AC%E7%B7%A8
199,RJ01223115
200,2024-04-19
201,RJ01167727
202,RJ01353632
203,7400-7499
204,RJ279209
205,2024-11-11
206,RJ01252226
207,2024-01-22
208,RJ01066684
209,2025-07-18
210,RJ01394265
211,RJ01493425
212,2021-07-09
213,RJ332705
214,RJ01047483
215,2023-03-02
216,RJ01013493
217,2023-03-24
218,RJ430773
219,2021-07-02
220,RJ332227
221,2022-01-19
222,RJ362188
223,8800-8899
224,RJ299164
225,RJ01007071
226,9600-9699
227,RJ310861
228,2022-03-09
229,RJ374925
230,02%EF%BC%9ASmartphone%20wallpaper
231,android_1440x3040
232,%E3%82%A8%E3%83%AC%E3%83%8A%E3%81%AE%E7%A6%81%E5%BF%8C%E5%B7%AE%E5%88%86%E3%82%A4%E3%83%A9%E3%82%B9%E3%83%888%E6%9E%9A%E2%99%AA
233,%E5%8A%B9%E6%9E%9C%E9%9F%B3%E5%85%A5%E3%82%8A
234,WAVE
235,2024-06-05
236,RJ01182574
237,2023-07-07
238,RJ01072769
239,2024-02-15
240,RJ01141816
241,2024-11-17
242,RJ01268787
243,2025-04-11
244,RJ01355818
245,RJ01333366
246,2025-05-11
247,RJ01360895
248,wav%20SE%E6%9C%89%E3%82%8A
249,2024-08-13
250,RJ01223146
251,05_%E5%88%A5%E8%A8%80%E8%AA%9E(Multilingual)
252,%E8%8B%B1%E8%AA%9E_English
253,01_Movie
254,01_%E9%9F%B3%E6%BA%90
255,01_SE%E3%81%82%E3%82%8A
256,%E7%89%B9%E5%85%B8%EF%BC%88%E3%83%81%E3%82%A2%E3%83%91%E3%83%BC%E3%83%97%E3%83%AB%EF%BC%89
257,2025-07-23
258,RJ01397400
259,2025-04-30
260,RJ01299530
261,2025-09-17
262,RJ01427160
263,5000-5099
264,RJ234970
265,2023-06-04
266,RJ01049146
267,RJ223131
268,%E3%80%90%E6%9C%AC%E7%B7%A8%E3%80%91%E9%99%B0%E3%82%AD%E3%83%A3%E5%A7%AA%E3%81%A3%E5%AD%90
269,%E3%80%90%E6%9C%AC%E7%B7%A8%E3%80%91%E9%99%B0%E3%82%AD%E3%83%A3%E5%A7%AA%E3%81%A3%E5%AD%90%EF%BC%9AMP3
270,EX%E3%83%87%E3%83%BC%E3%82%BF
271,01a-%E3%80%90WAV%E3%80%91
272,01-%E3%80%90SE%E9%9F%B3%20%E6%9C%89%E3%82%8A%E3%80%91
273,1_%E6%9C%AC%E7%B7%A8
274,2_%E5%80%8B%E5%88%A5%E3%83%88%E3%83%A9%E3%83%83%E3%82%AF
275,%E5%8A%B9%E6%9E%9C%E9%9F%B3%E6%9C%89%E3%82%8A
276,%E9%9F%B3%E5%A3%B0%E3%83%95%E3%82%A1%E3%82%A4%E3%83%AB
277,2022-12-18
278,RJ427661
279,2023-04-10
280,RJ01035581
281,SE%E3%81%82%E3%82%8Awav
282,2023-05-07
283,RJ01021775
284,%E5%90%ABSE
285,%E2%96%A003_%E6%9C%AC%E7%B7%A8%E3%80%8ESE%E3%81%82%E3%82%8AMP3%E3%80%8F
286,2021-11-04
287,RJ345104
288,%E5%8A%B9%E6%9E%9C%E9%9F%B3%E3%81%82%E3%82%8AWAV
289,2022-07-21
290,RJ397359
291,2023-09-20
292,RJ01089088
293,01%EF%BC%9A%E3%80%90mp3%E3%80%91%E3%83%80%E3%82%A6%E3%83%8A%E3%83%BC%E3%82%AF%E3%83%BC%E3%83%ABJK%E3%81%A8%E5%AF%86%E7%9D%80%E3%82%AD%E3%82%B9%E3%83%8F%E3%83%A1%E3%81%97%E3%81%BE%E3%81%8F%E3%82%8B%E7%94%9F%E6%B4%BB%E3%80%8C%E6%81%8B%E4%BA%BA%E3%83%99%E3%83%AD%E3%83%81%E3%83%A5%E3%83%BC%E4%BA%A4%E5%B0%BE%E2%80%A6%E3%81%86%E3%82%93%E3%80%81%E3%81%97%E3%82%88%EF%BC%9F%E3%80%8D
294,01_%E9%9F%B3%E5%A3%B0
295,2024-05-19
296,RJ01172764
297,%E5%8A%B9%E6%9E%9C%E9%9F%B3%E3%81%82%E3%82%8AMP3
298,RJ01215824
299,2024-11-12
300,RJ01252224
301,2021-07-26
302,RJ285314
303,2025-01-19
304,RJ01302846
305,2024-11-10
306,RJ01251665
307,2024-12-25
308,RJ01286566
309,2024-12-22
310,RJ01281489
311,2025-05-08
312,RJ01362071
313,RJ01344488
314,2025-06-03
315,RJ01351845
316,01.%20%E6%9C%AC%E7%B7%A8%E3%80%8CSE%E3%81%82%E3%82%8AWAV%E3%80%8D
317,wav%E3%80%80%E3%83%88%E3%83%A9%E3%83%83%E3%82%AF4%E3%81%AE%E3%81%BF%E3%83%91%E3%83%91%E8%A6%96%E7%82%B9
318,%E5%8A%B9%E6%9E%9C%E9%9F%B3%E3%81%82%E3%82%8A%E3%80%80%E5%B0%84%E7%B2%BE%E9%9F%B3%E3%81%82%E3%82%8A
319,2025-08-20
320,RJ01388021
321,RJ01341633
322,2025-09-15
323,RJ01424882
324,2025-09-23
325,RJ01450508
326,2%20%E3%82%A4%E3%83%A9%E3%82%B9%E3%83%88
327,2022-08-19
328,RJ405653
329,RJ01374758
330,%E5%A4%9A%E8%A8%80%E8%AA%9E%E5%AF%BE%E5%BF%9C%20Multilingual
331,English
332,MP4
333,Wave
334,SE%E6%9C%89%E3%82%8A(%20SE%20ON)
335,03%EF%BC%9ASubtitled%20audio%20video
336,SE%EE%BE%82%EE%BE%A0%EE%BE%82%EE%BF%A8
337,8700-8799
338,RJ298123
339,7900-7999
340,RJ286285
341,03_%E5%8A%B9%E6%9E%9C%E9%9F%B3%E3%82%AB%E3%83%83%E3%83%88%E7%89%88
342,%E5%B7%AE%E5%88%86MP3
343,%E5%9B%81%E3%81%8D%E5%BC%B7%E5%8C%96%E3%80%80%E5%8A%B9%E6%9E%9C%E9%9F%B3%E3%81%82%E3%82%8A
344,%E3%82%B7%E3%82%B9%E3%83%86%E3%83%A0%E3%83%A1%E3%83%83%E3%82%BB%E3%83%BC%E3%82%B8
345,02_%E6%9C%AC%E7%B7%A8(wav)
346,2023-09-04
347,RJ01087361
348,%E3%80%9004%E3%80%913WAY%E3%83%AB%E3%83%BC%E3%83%97
349,2025-04-13
350,RJ01347873
351,SE%E3%81%82%E3%82%8A_%E9%AB%98%E9%9F%B3%E8%B3%AAwav
352,%E6%9C%AC%E7%B7%A8_wav
353,2024-01-30
354,RJ01127317
355,RJ01377909
356,2025-03-31
357,RJ01332451
358,RJ01330452
359,2022-04-26
360,RJ385221
361,%E5%A5%B3%E5%A3%B0%E3%81%AE%E3%81%BFwav
362,2024-01-28
363,RJ01134084
364,2025-11-30
365,RJ01393685
366,2021-12-02
367,RJ359488
368,%E9%AB%98%E7%94%BB%E8%B3%AA%E3%83%91%E3%83%83%E3%82%B1%E3%83%BC%E3%82%B8.jpg
369,2.%E3%82%A2%E3%83%BC%E3%83%88%E3%83%AF%E3%83%BC%E3%82%AF
370,%E3%82%A4%E3%83%A1%E3%83%BC%E3%82%B8%E3%82%A4%E3%83%A9%E3%82%B9%E3%83%88.jpg
371,%E3%81%A1%E3%81%B3%E3%82%AD%E3%83%A3%E3%83%A9
372,%E3%82%A4%E3%83%A9%E3%82%B9%E3%83%88%E3%83%87%E3%83%BC%E3%82%BF
373,%E5%8A%B9%E6%9E%9C%E9%9F%B3%E6%9C%89%E3%82%8A%EF%BC%88wav%EF%BC%89
374,%E9%80%9A%E5%B8%B8ver
375,2021-05-08
376,RJ324445
377,2022-10-04
378,RJ407284
379,03_%E7%89%B9%E5%85%B8%E6%BC%AB%E7%94%BB
380,01.%E3%83%97%E3%83%AD%E3%83%AD%E3%83%BC%E3%82%B0.m4a
381,wav%E5%8A%B9%E6%9E%9C%E9%9F%B3%E6%9C%89%E3%82%8A
382,500-599
383,RJ101337
384,WAV%E7%89%88
385,02%E9%80%9A%E5%B8%B8%E7%89%88%EF%BC%88%E3%82%A8%E3%82%B3%E3%83%BC%E7%84%A1%EF%BC%89
386,2022-02-16
387,RJ344064
388,7300-7399
389,RJ276886
390,%E3%82%A4%E3%83%A9%E3%82%B9%E3%83%88(%E5%B7%AE%E5%88%86%E3%81%82%E3%82%8A)
391,1920%C3%971080A.jpg
392,1920%C3%971080B.jpg
393,1920%C3%971200A.jpg
394,1920%C3%971200B.jpg
395,04_%E3%81%8A%E3%81%BE%E3%81%91
396,%E3%83%A1%E3%82%A4%E3%83%B3%E3%83%93%E3%82%B8%E3%83%A5%E3%82%A2%E3%83%ABB%EF%BC%88%E3%83%AD%E3%82%B4%E3%81%AA%E3%81%97%EF%BC%89.jpg
397,%E3%83%A1%E3%82%A4%E3%83%B3%E3%83%93%E3%82%B8%E3%83%A5%E3%82%A2%E3%83%ABA%EF%BC%88%E3%83%AD%E3%82%B4%E3%81%AA%E3%81%97%EF%BC%89.jpg
398,%E3%82%B9%E3%83%9E%E3%83%9B%E6%A8%AAB.jpg
399,%E3%82%B9%E3%83%9E%E3%83%9B%E6%A8%AAA.jpg
400,%E3%82%A4%E3%83%A9%E3%82%B9%E3%83%88.png
401,%E6%8F%92%E5%9B%BE
402,01%EF%BC%9AHigh%20resolution%20jacket%20illustration
403,2.%E3%82%A4%E3%83%A9%E3%82%B9%E3%83%88
404,%E3%82%A8%E3%83%AC%E3%83%8A%E3%81%AE%E3%81%82%E3%81%BE%E3%81%82%E3%81%BE%E3%82%B9%E3%83%9E%E3%83%9B%E7%94%A8%E5%A3%81%E7%B4%99%E2%99%AA
405,%E7%92%B0%E5%A2%83%E9%9F%B3%E3%81%AA%E3%81%97
406,%E2%96%A012_%E3%81%8A%E3%81%BE%E3%81%91%E3%80%80%E3%80%8E%E9%81%8E%E5%8E%BB%E4%BD%9C%E3%80%80%E8%8B%B1%E9%9B%84%E5%8F%AC%E5%96%9A%E3%80%8F
407,%E4%BB%98%E9%8C%B2
408,%E7%94%BB%E5%83%8F_image
409,2024-02-09
410,RJ01140961
411,RJ01051259
412,2021-06-24
413,RJ332593
414,0.%E3%83%97%E3%83%AD%E3%83%AD%E3%83%BC%E3%82%B0.mp3
415,%E3%82%A4%E3%83%A9%E3%82%B9%E3%83%88.jpg
416,%E6%8F%92%E5%9C%96
417,%E3%82%A4%E3%83%A9%E3%82%B9%E3%83%88%E5%B7%AE%E5%88%86
418,%E3%82%B9%E3%83%9E%E3%83%9B%E5%A3%81%E7%B4%99
419,01.%E3%83%97%E3%83%AD%E3%83%AD%E3%83%BC%E3%82%B0.mp3
420,04_%E3%82%B8%E3%83%A3%E3%82%B1%E3%83%83%E3%83%88%E3%82%A4%E3%83%A9%E3%82%B9%E3%83%88
421,%E3%83%91%E3%83%83%E3%82%B1%E3%83%BC%E3%82%B8%E3%82%A4%E3%83%A9%E3%82%B9%E3%83%88%E3%80%90%E3%83%AD%E3%82%B4%E3%81%AA%E3%81%97%E3%80%91.jpg
422,06.%E3%82%A8%E3%83%94%E3%83%AD%E3%83%BC%E3%82%B0.m4a
423,%E3%80%9002%E3%80%91%E8%80%B3%E5%85%83%E3%83%AB%E3%83%BC%E3%83%97
424,%E2%99%A1%E7%89%B9%E5%85%B8%E2%99%A1
425,%E7%89%B9%E5%85%B8%E3%82%A4%E3%83%A9%E3%82%B9%E3%83%88%EF%BC%88%E3%81%8A%E3%81%BE%E3%82%93%E3%81%93%E3%83%A2%E3%82%B6%E3%82%A4%E3%82%AF%EF%BC%89
426,2025-07-03
427,RJ01378003
428,%E3%82%A2%E3%83%BC%E3%83%88%E3%83%AF%E3%83%BC%E3%82%AF
429,%E7%AB%8B%E3%81%A1%E7%B5%B5
430,%E6%9C%AC%E7%B7%A8(%E3%83%AD%E3%83%83%E3%82%AB%E3%83%BC%E9%9F%B3%E4%BD%8E%E6%B8%9Bver%E3%83%BB%E9%87%91%E5%B1%9E%E9%9F%B3%E3%81%8C%E8%8B%A6%E6%89%8B%E3%81%AA%E6%96%B9%E5%90%91%E3%81%91%E3%81%A7%E3%81%99%EF%BC%81)
431,MP3%E3%80%90BGM%E7%84%A1%E3%81%97%E3%80%91
432,Illustration
433,%E6%9C%AC%E7%B7%A8.wav
434,01.%E3%83%97%E3%83%AD%E3%83%AD%E3%83%BC%E3%82%B0.wav
435,%234.%E3%81%8A%E9%A2%A8%E5%91%82%E5%A0%B4%E3%82%BB%E3%83%83%E3%82%AF%E3%82%B9.wav
436,%236.%E3%81%94%E9%A3%AF%E9%A3%9F%E3%81%B9%E3%81%AA%E3%81%8C%E3%82%89%E3%83%95%E3%82%A7%E3%83%A9.wav
437,%238.%E6%B7%BB%E3%81%84%E5%AF%9D.wav
438,%239.%E5%AF%9D%E8%B5%B7%E3%81%8D%E3%83%95%E3%82%A7%E3%83%A9.wav
439,%2310.%E5%AF%9D%E8%B5%B7%E3%81%8D%E3%82%BB%E3%83%83%E3%82%AF%E3%82%B9.wav
440,%E5%8D%B3%E3%82%A4%E3%82%AD%E5%BD%BC%E5%A5%B3%E7%89%B9%E5%85%B8
441,2_%E3%81%8A%E3%81%BE%E3%81%91
442,1_%E3%81%97%E3%82%85%E3%82%8B%E7%89%88%E6%A7%98%E6%8F%8F%E3%81%8D%E4%B8%8B%E3%82%8D%E3%81%97%E3%82%A4%E3%83%A9%E3%82%B9%E3%83%88
443,0.%E3%83%97%E3%83%AD%E3%83%AD%E3%83%BC%E3%82%B0.wav
444,2023-05-05
445,RJ01049698
446,%E3%83%A1%E3%82%A4%E3%83%B3%E3%83%91%E3%83%83%E3%82%B1%E3%83%BC%E3%82%B8%EF%BC%88%E6%96%87%E5%AD%97%E7%84%A1%E3%81%97%EF%BC%89.png
447,03_%E3%82%A4%E3%83%A9%E3%82%B9%E3%83%88
448,9eb27ab6-a0db-461d-9bbd-628ecc9a6769
449,51289(0)
450,%E5%97%85%E4%BA%BA(kagto)%20FANBOX%20%E7%89%B9%E5%85%B8
451,96583(0)
452,102424(0)
453,32254.jpg
454,31474-0.jpg
455,69030-0.jpg
456,101526-0.jpg
457,%E3%80%90DL%E9%99%90%E5%AE%9A%E7%89%B9%E5%85%B8%E7%89%88%E3%80%91GKSD035%E6%9C%9F%E9%96%93%E9%99%90%E5%AE%9A%E7%89%B9%E5%85%B8
458,RJ01031871
459,%E6%9C%AC%E7%B7%A8.m4a
460,2025-02-03
461,RJ01312058
462,%E3%83%91%E3%83%83%E3%82%B1%E3%83%BC%E3%82%B8%E3%82%A4%E3%83%A9%E3%82%B9%E3%83%88%E3%83%BB%E8%B3%BC%E5%85%A5%E7%89%B9%E5%85%B8%E5%B7%AE%E5%88%86
463,%E3%80%90%E3%81%94%E8%B3%BC%E5%85%A5%E8%80%85%E6%A7%98%E7%89%B9%E5%85%B8%E3%80%91%E7%88%BA%E3%82%8F%E3%82%89%E5%85%88%E7%94%9F%E6%8F%8F%E3%81%8D%E3%81%8A%E3%82%8D%E3%81%97%E9%AB%98%E8%A7%A3%E5%83%8F%E5%BA%A6%E3%82%A4%E3%83%A9%E3%82%B9%E3%83%88
464,%E3%80%9003%E3%80%91%E5%96%98%E3%81%8E%E3%83%AB%E3%83%BC%E3%83%97
465,%E9%AB%98%E7%94%BB%E8%B3%AA%E3%82%A4%E3%83%A9%E3%82%B9%E3%83%88.png
466,tr00_%E3%82%BF%E3%82%A4%E3%83%88%E3%83%AB%E3%82%B3%E3%83%BC%E3%83%AB.m4a
467,%E3%83%AB%E3%83%BC%E3%83%97%E9%9F%B3%E5%A3%B0
468,%E7%89%B9%E5%85%B8%E3%82%A4%E3%83%A9%E3%82%B9%E3%83%88A.jpg
469,%E7%89%B9%E5%85%B8%E3%82%A4%E3%83%A9%E3%82%B9%E3%83%88B.jpg
470,%E7%89%B9%E5%85%B8%E3%82%A4%E3%83%A9%E3%82%B9%E3%83%88C.jpg
471,%E3%82%B9%E3%83%9E%E3%83%9B%E7%B8%A6C.jpg
472,%E2%96%A005_%E8%B3%BC%E5%85%A5%E7%89%B9%E5%85%B8%E3%80%8E%E3%82%B8%E3%83%A3%E3%82%B1%E3%83%83%E3%83%88%E3%82%A4%E3%83%A9%E3%82%B9%E3%83%88%E3%80%8F
473,2.%E3%82%A4%E3%83%A9%E3%82%B9%E3%83%88%EF%BC%88%E6%97%A9%E6%9C%9F%E9%99%90%E5%AE%9A1%E6%9E%9A%E3%80%81%E3%83%AD%E3%82%B4%E3%81%AA%E3%81%97%E3%82%A4%E3%83%A9%E3%82%B9%E3%83%881%E6%9E%9A%EF%BC%89
474,JPG
475,%E3%83%91%E3%83%83%E3%82%B1%E3%83%BC%E3%82%B8.jpg
476,01_%E3%81%8A%E3%81%BE%E3%81%91%E3%83%AB%E3%83%BC%E3%83%97%E9%9F%B3%E5%A3%B0
477,%E3%80%90Track06%E3%80%91%E9%A4%85%E6%A2%A8%E3%81%82%E3%82%80%E3%81%95%E3%82%93%E3%83%95%E3%83%AA%E3%83%BC%E3%83%88%E3%83%BC%E3%82%AF%E2%99%AA.m4a
478,%E7%89%B9%E5%85%B8%E3%82%A4%E3%83%A9%E3%82%B9%E3%83%88%E2%91%A1.jpg
479,%E7%89%B9%E5%85%B8%E3%82%A4%E3%83%A9%E3%82%B9%E3%83%88%E2%91%A0.jpg
480,%E7%89%B9%E5%85%B8_wav
481,CG
482,img.dlsite.jp
483,modpub
484,images2
485,work
486,doujin
487,02%E3%82%A4%E3%83%A9%E3%82%B9%E3%83%88
488,01%E3%82%B4%E3%83%A0%E6%89%8B%E3%82%B3%E3%82%AD.m4a
489,01%EF%BC%9A%E3%81%8B%E3%81%AA%E3%81%A7%E3%81%AE%E3%83%AD%E3%83%83%E3%82%AB%E3%83%BC%E3%80%80%EF%BD%9E%E6%81%A5%E3%81%9A%E3%81%8B%E3%81%97%E3%81%84%E3%81%91%E3%81%A9%E3%80%81%E9%A0%91%E5%BC%B5%E3%82%8A%E3%81%BE%E3%81%99%E3%81%A3%E2%80%A6%E2%80%A6%E2%99%AA%EF%BD%9E.m4a
490,02%EF%BC%9A%E3%82%86%E3%81%86%E3%81%8B%E3%81%AE%E3%83%AD%E3%83%83%E3%82%AB%E3%83%BC%E3%80%80%EF%BD%9E%E5%88%A5%E3%81%AB%E3%80%81%E3%81%A1%E3%82%87%E3%82%8D%E3%81%8F%E3%81%AA%E3%82%93%E3%81%A6%E3%81%AA%E3%81%84%E3%81%97%E2%80%A6%E2%80%A6%E2%99%AA%EF%BD%9E.m4a
491,03%EF%BC%9A%E3%81%82%E3%82%84%E3%81%AD%E3%81%AE%E3%83%AD%E3%83%83%E3%82%AB%E3%83%BC%E3%80%80%EF%BD%9E%E3%82%81%E3%81%84%E3%81%A3%E3%81%B1%E3%81%84%E3%80%81%E7%94%98%E3%82%84%E3%81%8B%E3%81%97%E3%81%A6%E3%81%82%E3%81%92%E3%81%BE%E3%81%99%E3%81%8B%E3%82%89%E3%81%AD%E2%99%AA%EF%BD%9E.m4a
492,2024-06-10
493,RJ01195225