#TYPE:(A: Atom)(none: Prefix),#ID,#CONTENT
A,1,/media/stream/daily/
A,2,raw.kiko-play-niptan.one
A,3,/media/stream/
A,4,https://
A,5,fast.kiko-play-niptan.one
A,6,/media/
A,7,/media/stream/hvdb/
A,8,cdn.glitch.global
A,9,cdn.glitch.me
A,10,img.dlsite.jp
1,4>8>/36049008-0c55-496e-873e-a2f971037d73/
2,4>9>/36049008-0c55-496e-873e-a2f971037d73/
3,4>8>/cbd0ac37-5557-4012-b498-643e6f89d54c/
4,4>api.asmr-200.com/api/cover/
5,4>9>/cbd0ac37-5557-4012-b498-643e6f89d54c/
6,4>8>/43bf1b52-1acd-4635-9e88-afc9baf0e898/
7,4>8>/d0ba9ac8-9843-4269-aa9a-93830f7c36ff/
8,4>8>/1d46fb5f-c750-4e6d-9785-7de06c91262f/
9,4>9>/d0ba9ac8-9843-4269-aa9a-93830f7c36ff/
10,4>2>1>2022-06-22/RJ395212/BGM%E5%8A%B9%E6%9E%9C%E9%9F%B3%E5%85%A5%E3%82%8A/MP3/
11,4>9>/43bf1b52-1acd-4635-9e88-afc9baf0e898/
12,4>2>1>2025-06-08/RJ01374366/05.%20%E7%89%B9%E5%85%B8/
13,4>2>1>2023-04-24/RJ01046110/01_%E6%9C%AC%E7%B7%A8SE%E3%81%82%E3%82%8A/
14,4>9>/1d46fb5f-c750-4e6d-9785-7de06c91262f/
15,4>2>1>2025-03-03/RJ01325161/%E2%96%A001_%E6%9C%AC%E7%B7%A8%E3%80%8ESE%E3%81%82%E3%82%8AWAV%E3%80%8F/
16,4>2>1>2024-08-21/RJ01192283/%E3%82%A4%E3%83%A9%E3%82%B9%E3%83%88/
17,4>2>7>9300-9399/RJ306372/%E6%9C%AC%E7%B7%A8/
18,4>2>1>2021-08-26/RJ336256/
19,4>2>1>2022-12-28/RJ439902/wav/
20,4>2>1>2024-09-29/RJ01239843/01_%E6%AD%A3%E7%AF%87%E5%90%ABSE/
21,4>5>1>2025-04-07/RJ01343492/02_wav/
22,4>2>7>9800-9899/RJ316856/%E6%9C%AC%E7%B7%A8/
23,4>2>1>2025-05-12/RJ01363329/
24,4>2>1>2024-12-26/RJ01296292/
25,4>2>1>2024-02-07/RJ01004501/SE%E6%9C%89/
26,4>2>1>2021-08-20/RJ338124/%E6%9C%AC%E7%B7%A8/
27,4>5>1>2024-09-16/RJ01221507/%E9%9F%B3%E5%A3%B0%E3%83%87%E3%83%BC%E3%82%BF/WAV/%E3%80%9001%E3%80%91%E6%9C%AC%E7%B7%A8/
28,4>5>1>2025-08-22/RJ01413902/wav/
29,4>5>1>2023-10-19/RJ01098713/%E6%9C%AC%E7%B7%A8/SE%E3%81%82%E3%82%8A/
30,4>5>1>2025-07-18/RJ01394265/SE%E5%8A%B9%E6%9E%9C%E9%9F%B3%E3%81%82%E3%82%8A/
31,4>2>1>2025-08-14/RJ01397422/%E7%89%B9%E5%85%B8/
32,4>2>1>2021-05-18/RJ319007/%E6%9C%AC%E7%B7%A8/SE%E3%81%82%E3%82%8A/
33,4>2>1>2022-08-07/RJ388694/%E6%9C%AC%E7%B7%A8/WAV/%E6%9C%AC%E7%B7%A8/
34,4>2>1>2022-12-12/RJ437091/%E6%9C%AC%E7%B7%A8/
35,4>2>1>2023-04-05/RJ01035824/02_wav/
36,4>2>1>2023-03-23/RJ01032881/%E3%82%B9%E3%83%9E%E3%83%9B%EF%BC%86PC%E5%A3%81%E7%B4%99/%E3%82%B9%E3%83%9E%E3%83%9B%E7%94%A8/
37,4>2>1>2023-03-29/RJ01025198/
38,4>2>1>2023-03-29/RJ01024466/
39,4>2>1>2021-09-27/RJ337731/wav/
40,4>2>1>2022-12-27/RJ426205/04_omake/02%EF%BC%9ASmartphone%20wallpaper/android_1440x3040/
41,4>2>1>2022-12-27/RJ437887/%E6%9C%AC%E7%B7%A8/
42,4>2>1>2025-03-28/RJ01105494/02%EF%BC%9A%E3%80%90wav%E3%80%91%E8%88%87%E6%B6%88%E6%A5%B5%E5%86%B7%E9%85%B7%E5%A5%B3%E9%AB%98%E4%B8%AD%E7%94%9F%E7%9A%84%E7%98%8B%E7%8B%82%E8%A6%AA%E5%AF%86%E6%8E%A5%E5%90%BB%E7%94%9F%E6%B4%BB%E3%80%8C%E5%A5%BD%E5%95%8A%E2%80%A6%E5%81%9A%E5%90%A7%EF%BC%9F%E2%80%A6%E6%88%80%E4%BA%BA%E9%96%93%E7%9A%84%E7%94%9C%E8%9C%9C%E8%88%8C%E5%90%BB%E6%80%A7%E4%BA%A4%E3%80%8D/
43,4>5>1>2025-04-06/RJ01344347/SE%E3%81%82%E3%82%8A/wav/
44,4>2>1>2024-06-21/RJ01184348/05_%E5%88%A5%E8%A8%80%E8%AA%9E(Multilingual)/%E8%8B%B1%E8%AA%9E_English/01_Movie/
45,4>2>1>2024-06-21/RJ01184348/01_%E9%9F%B3%E6%BA%90/01_SE%E3%81%82%E3%82%8A/
46,4>5>1>2024-11-11/RJ01252226/
47,4>2>7>4300-4399/RJ223131/
48,4>2>1>2023-04-04/RJ01024994/%E9%9F%B3%E5%A3%B0/%E5%8A%B9%E6%9E%9C%E9%9F%B3%E3%81%82%E3%82%8A/
49,4>2>7>4300-4399/RJ223101/
50,4>2>1>2023-03-02/RJ01013493/01a-%E3%80%90WAV%E3%80%91/01-%E3%80%90SE%E9%9F%B3%20%E6%9C%89%E3%82%8A%E3%80%91/
51,4>2>1>2021-03-05/RJ315439/MP3/
52,4>2>1>2021-07-02/RJ332227/1.%E9%9F%B3%E5%A3%B0%E3%83%95%E3%82%A1%E3%82%A4%E3%83%AB/WAV/
53,4>2>1>2022-12-12/RJ437151/
54,4>2>1>2022-01-19/RJ362188/1.%E9%9F%B3%E5%A3%B0%E3%83%95%E3%82%A1%E3%82%A4%E3%83%AB/WAV/
55,4>2>7>8800-8899/RJ299164/%E9%9F%B3%E5%A3%B0%E3%83%95%E3%82%A1%E3%82%A4%E3%83%AB/
56,4>2>1>2023-01-11/RJ01008483/
57,4>2>1>2024-06-13/RJ01069303/%E5%90%ABSE/
58,4>2>1>2022-03-09/RJ374925/WAV/SE%E3%81%82%E3%82%8A/
59,4>5>1>2022-10-23/RJ412274/%E5%8A%B9%E6%9E%9C%E9%9F%B3%E3%81%82%E3%82%8AWAV/
60,4>2>1>2024-05-19/RJ01172764/%E9%9F%B3%E5%A3%B0%E6%9C%AC%E7%B7%A8/WAV/
61,4>5>1>2024-12-27/RJ01282001/%E6%9C%AC%E7%B7%A8/
62,4>5>1>2024-11-17/RJ01268787/02_wav/
63,4>5>1>2025-04-11/RJ01355818/wav/
64,4>5>1>2025-04-06/RJ01333366/WAV/
65,4>2>1>2024-08-13/RJ01223146/
66,4>5>1>2025-02-05/RJ01288798/wav%E3%80%80%E3%83%88%E3%83%A9%E3%83%83%E3%82%AF4%E3%81%AE%E3%81%BF%E3%83%91%E3%83%91%E8%A6%96%E7%82%B9/%E5%8A%B9%E6%9E%9C%E9%9F%B3%E3%81%82%E3%82%8A%E3%80%80%E5%B0%84%E7%B2%BE%E9%9F%B3%E3%81%82%E3%82%8A/
67,4>5>1>2025-05-12/RJ01353632/wav/
68,4>2>7>7400-7499/RJ279209/MP3/
69,4>5>1>2025-07-25/RJ01406339/
70,4>5>1>2025-04-30/RJ01299530/
71,4>5>1>2025-09-17/RJ01427160/
72,4>5>1>2025-04-07/RJ01341633/SE%E5%8A%B9%E6%9E%9C%E9%9F%B3%E3%81%82%E3%82%8A/
73,4>5>7>5000-5099/RJ234970/%E6%9C%AC%E7%B7%A8/
74,4>5>1>2023-06-04/RJ01049146/wav/
75,4>2>1>2021-07-09/RJ332705/WAV/
76,4>2>1>2023-03-24/RJ430773/
77,4>2>1>2022-11-05/RJ418151/%E5%8A%B9%E6%9E%9C%E9%9F%B3%E6%9C%89%E3%82%8A/
78,4>2>1>2023-03-23/RJ01032881/
79,4>2>1>2023-02-20/RJ438225/%E5%A4%9A%E8%A8%80%E8%AA%9E%E5%AF%BE%E5%BF%9C%20Multilingual/English/MP4/
80,4>2>1>2023-02-20/RJ438225/Wave/SE%E6%9C%89%E3%82%8A(%20SE%20ON)/
81,4>2>1>2023-05-07/RJ01021775/WAV/SE%E3%81%82%E3%82%8A/
82,4>2>1>2022-12-27/RJ426205/04_omake/03%EF%BC%9ASubtitled%20audio%20video/
83,4>2>1>2022-12-27/RJ426205/02_wav/
84,4>2>1>2022-11-24/RJ430567/1.%E6%9C%AC%E7%B7%A8/SE%E3%81%82%E3%82%8A/
85,4>2>1>2021-10-12/RJ343049/wav/
86,4>5>1>2021-11-04/RJ345104/wav/
87,4>5>1>2022-07-21/RJ397359/%E6%9C%AC%E7%B7%A8/SE%E6%9C%89/
88,4>5>1>2023-09-20/RJ01089088/SE%EE%BE%82%EE%BE%A0%EE%BE%82%EE%BF%A8/wav/
89,4>5>1>2025-02-05/RJ01308666/%E3%82%B7%E3%82%B9%E3%83%86%E3%83%A0%E3%83%A1%E3%83%83%E3%82%BB%E3%83%BC%E3%82%B8/
90,4>5>1>2025-01-19/RJ01302846/02_%E6%9C%AC%E7%B7%A8(wav)/
91,4>5>1>2024-11-10/RJ01251665/02_wav/
92,4>2>1>2024-12-25/RJ01286566/02_wav/
93,4>5>1>2024-12-22/RJ01281489/02_wav/
94,4>5>1>2024-09-16/RJ01221507/%E9%9F%B3%E5%A3%B0%E3%83%87%E3%83%BC%E3%82%BF/WAV/%E3%80%9004%E3%80%91%E3%81%8A%E3%81%BE%E3%81%91%E3%83%AB%E3%83%BC%E3%83%97%EF%BC%88%E3%82%AA%E3%83%8A%E3%82%B5%E3%83%9D%EF%BC%89/%E3%80%9004%E3%80%913WAY%E3%83%AB%E3%83%BC%E3%83%97/
95,4>2>1>2025-03-04/RJ01329464/%E5%A3%81%E7%B4%99/PC%E7%94%A8/
96,4>2>1>2025-03-04/RJ01329464/%E5%A3%81%E7%B4%99/%E3%82%B9%E3%83%9E%E3%83%9B%E7%94%A8/
97,4>2>1>2025-05-12/RJ01363329/%E5%A3%81%E7%B4%99/%E3%82%B9%E3%83%9E%E3%83%9B%E7%94%A8/
98,4>2>1>2025-04-07/RJ01344488/%E9%9F%B3%E5%A3%B0%E3%83%87%E3%83%BC%E3%82%BF/
99,4>2>1>2025-05-11/RJ01360895/1.%E6%9C%AC%E7%B7%A8/SE%E3%81%82%E3%82%8A_%E9%AB%98%E9%9F%B3%E8%B3%AAwav/
100,4>2>1>2025-06-08/RJ01374366/01.%20%E6%9C%AC%E7%B7%A8%E3%80%8CSE%E3%81%82%E3%82%8AWAV%E3%80%8D/
101,4>2>1>2025-07-05/RJ01383365/wav%20SE%E6%9C%89%E3%82%8A/
102,4>5>1>2024-04-19/RJ01167727/
103,4>5>1>2025-08-27/RJ01435209/
104,4>5>1>2025-09-02/RJ01435198/
105,4>5>1>2025-07-19/RJ01361036/%E9%9F%B3%E5%A3%B0/wav/
106,4>5>1>2024-08-21/RJ01192283/%E6%9C%AC%E7%B7%A8/WAV/%E6%9C%AC%E7%B7%A8/
107,4>5>1>2025-07-23/RJ01397400/%E6%9C%AC%E7%B7%A8/wav/
108,4>5>1>2024-01-22/RJ01066684/%E6%9C%AC%E7%B7%A8_wav/
109,4>5>1>2025-08-20/RJ01388021/%E6%9C%AC%E7%B7%A8/WAV/%E6%9C%AC%E7%B7%A8/
110,4>5>1>2025-03-04/RJ01330452/WAV/
111,4>5>1>2025-09-15/RJ01424882/02_wav/
112,4>5>1>2025-08-14/RJ01397422/%E5%A5%B3%E5%A3%B0%E3%81%AE%E3%81%BFwav/SE%E3%81%82%E3%82%8A/
113,4>2>1>2023-02-15/RJ01022104/
114,4>2>1>2022-12-18/RJ427661/wav%E3%83%87%E3%83%BC%E3%82%BF/%E5%8A%B9%E6%9E%9C%E9%9F%B3%E6%9C%89%E3%82%8A%EF%BC%88wav%EF%BC%89/
115,4>2>1>2021-09-13/RJ338130/
116,4>5>1>2023-01-11/RJ01007071/SE%E3%81%82%E3%82%8Awav/
117,4>2>7>9600-9699/RJ310861/%E9%80%9A%E5%B8%B8ver/
118,4>2>1>2023-03-06/RJ01028850/wav/
119,4>2>1>2022-07-01/RJ390191/wav/
120,4>5>1>2023-09-04/RJ01087361/%E6%9C%AC%E7%B7%A8/wav/
121,4>5>1>2025-05-08/RJ01362071/
122,4>2>1>2025-03-04/RJ01329464/
123,4>2>1>2025-06-03/RJ01351845/wav%E3%83%87%E3%83%BC%E3%82%BF/wav%E5%8A%B9%E6%9E%9C%E9%9F%B3%E6%9C%89%E3%82%8A/
124,4>2>7>500-599/RJ101337/
125,4>5>1>2024-01-30/RJ01127317/%E5%8A%B9%E6%9E%9C%E9%9F%B3%E3%81%82%E3%82%8A/
126,4>5>1>2025-06-07/RJ01377909/WAV%E7%89%88/
127,4>5>1>2022-04-26/RJ385221/wav/
128,4>2>1>2021-05-18/RJ319007/%E3%82%A4%E3%83%A9%E3%82%B9%E3%83%88(%E5%B7%AE%E5%88%86%E3%81%82%E3%82%8A)/
129,4>2>1>2023-05-06/RJ01047483/02_wav/
130,4>2>1>2023-02-15/RJ01022104/%E3%82%B9%E3%83%9E%E3%83%9B%EF%BC%86PC%E5%A3%81%E7%B4%99/PC%E7%94%A8/
131,4>5>1>2022-11-29/RJ432880/1_%E6%9C%AC%E7%B7%A8/2_%E5%80%8B%E5%88%A5%E3%83%88%E3%83%A9%E3%83%83%E3%82%AF/SE%E3%81%82%E3%82%8A/
132,4>2>1>2023-03-23/RJ01032881/%E3%82%A4%E3%83%A9%E3%82%B9%E3%83%88/%E3%83%A1%E3%82%A4%E3%83%B3%E3%83%93%E3%82%B8%E3%83%A5%E3%82%A2%E3%83%AB/
133,4>2>1>2021-09-13/RJ338130/%E3%82%B9%E3%83%9E%E3%83%9B%EF%BC%86PC%E5%A3%81%E7%B4%99/PC%E7%94%A8/
134,4>2>1>2021-09-13/RJ338130/%E3%82%B9%E3%83%9E%E3%83%9B%EF%BC%86PC%E5%A3%81%E7%B4%99/%E3%82%B9%E3%83%9E%E3%83%9B%E7%94%A8/
135,4>2>1>2023-04-10/RJ01035581/%E9%9F%B3%E5%A3%B0%E6%9C%AC%E7%B7%A8/
136,4>2>1>2023-03-06/RJ01028850/%E5%A3%81%E7%B4%99/
137,4>2>1>2024-06-13/RJ01069303/%E6%8F%92%E5%9B%BE/
138,4>2>1>2022-12-27/RJ426205/04_omake/01%EF%BC%9AHigh%20resolution%20jacket%20illustration/
139,4>2>1>2022-11-24/RJ430567/2.%E3%82%A4%E3%83%A9%E3%82%B9%E3%83%88/
140,4>2>1>2022-10-04/RJ407284/wav/
141,4>5>1>2025-04-13/RJ01347873/SE%E3%81%82%E3%82%8A/wav/
142,4>2>1>2025-05-12/RJ01363329/%E5%A3%81%E7%B4%99/PC%E7%94%A8/
143,4>2>1>2025-03-03/RJ01325161/%E2%96%A012_%E3%81%8A%E3%81%BE%E3%81%91%E3%80%80%E3%80%8E%E9%81%8E%E5%8E%BB%E4%BD%9C%E3%80%80%E8%8B%B1%E9%9B%84%E5%8F%AC%E5%96%9A%E3%80%8F/
144,4>2>1>2022-06-22/RJ395212/%E4%BB%98%E9%8C%B2/WAV/
145,4>2>1>2024-08-21/RJ01223115/%E9%9F%B3%E5%A3%B0%E6%9C%AC%E7%B7%A8/
146,4>2>1>2025-07-05/RJ01383365/%E7%94%BB%E5%83%8F_image/
147,4>2>1>2025-08-27/RJ01435209/%E3%82%A4%E3%83%A9%E3%82%B9%E3%83%88JPG/%E7%89%B9%E5%85%B8%E3%82%A4%E3%83%A9%E3%82%B9%E3%83%88/
148,4>2>1>2025-09-02/RJ01435198/%E3%82%A4%E3%83%A9%E3%82%B9%E3%83%88JPG/%E7%89%B9%E5%85%B8%E3%82%A4%E3%83%A9%E3%82%B9%E3%83%88/
149,4>5>1>2025-03-31/RJ01332451/wav/
150,4>5>1>2023-05-06/RJ01047483/02_wav/
151,4>2>1>2022-11-29/RJ432880/1_%E6%9C%AC%E7%B7%A8/2_%E5%80%8B%E5%88%A5%E3%83%88%E3%83%A9%E3%83%83%E3%82%AF/SE%E3%81%82%E3%82%8A/
152,4>5>1>2022-12-12/RJ437151/
153,4>2>7>9600-9699/RJ310861/%E3%82%A4%E3%83%A9%E3%82%B9%E3%83%88/
154,4>5>1>2021-05-08/RJ324445/wav/
155,4>2>1>2024-02-07/RJ01004501/%E6%8F%92%E5%9C%96/
156,4>2>1>2022-07-01/RJ390191/%E3%82%A4%E3%83%A9%E3%82%B9%E3%83%88%E5%B7%AE%E5%88%86/
157,4>2>1>2024-12-27/RJ01282001/%E3%82%A4%E3%83%A9%E3%82%B9%E3%83%88/
158,4>5>1>2025-02-05/RJ01308666/SE%E3%81%82%E3%82%8A/
159,4>5>1>2024-09-16/RJ01221507/%E9%9F%B3%E5%A3%B0%E3%83%87%E3%83%BC%E3%82%BF/WAV/%E3%80%9004%E3%80%91%E3%81%8A%E3%81%BE%E3%81%91%E3%83%AB%E3%83%BC%E3%83%97%EF%BC%88%E3%82%AA%E3%83%8A%E3%82%B5%E3%83%9D%EF%BC%89/%E3%80%9002%E3%80%91%E8%80%B3%E5%85%83%E3%83%AB%E3%83%BC%E3%83%97/
160,4>2>1>2025-03-04/RJ01329464/%E3%82%A4%E3%83%A9%E3%82%B9%E3%83%88JPG/%E7%89%B9%E5%85%B8%E3%82%A4%E3%83%A9%E3%82%B9%E3%83%88/
161,4>2>1>2025-05-12/RJ01363329/%E3%82%A4%E3%83%A9%E3%82%B9%E3%83%88JPG/%E7%89%B9%E5%85%B8%E3%82%A4%E3%83%A9%E3%82%B9%E3%83%88%EF%BC%88%E3%81%8A%E3%81%BE%E3%82%93%E3%81%93%E3%83%A2%E3%82%B6%E3%82%A4%E3%82%AF%EF%BC%89/
162,4>2>1>2024-08-21/RJ01223115/%E7%94%BB%E5%83%8F/
163,4>2>1>2025-07-03/RJ01378003/WAV/
164,4>2>1>2025-02-05/RJ01288798/%E3%82%A2%E3%83%BC%E3%83%88%E3%83%AF%E3%83%BC%E3%82%AF/
165,4>2>1>2025-07-19/RJ01361036/%E7%89%B9%E5%85%B8%EF%BC%88%E3%83%81%E3%82%A2%E3%83%91%E3%83%BC%E3%83%97%E3%83%AB%EF%BC%89/%E7%94%BB%E5%83%8F/%E3%83%91%E3%83%83%E3%82%B1%E3%83%BC%E3%82%B8%E3%82%A4%E3%83%A9%E3%82%B9%E3%83%88/
166,4>2>1>2025-07-19/RJ01361036/%E7%89%B9%E5%85%B8%EF%BC%88%E3%83%81%E3%82%A2%E3%83%91%E3%83%BC%E3%83%97%E3%83%AB%EF%BC%89/%E7%94%BB%E5%83%8F/%E7%AB%8B%E3%81%A1%E7%B5%B5/
167,4>2>1>2023-10-19/RJ01098713/%E3%82%A4%E3%83%A9%E3%82%B9%E3%83%88/
168,4>2>7>7300-7399/RJ276886/WAV/
169,4>2>1>2021-07-09/RJ332705/
170,4>2>7>4300-4399/RJ223101/Illustration/
171,4>2>1>2023-05-06/RJ01051259/%E3%82%A4%E3%83%A9%E3%82%B9%E3%83%88/
172,4>2>1>2021-06-24/RJ332593/
173,4>5>7>9300-9399/RJ306372/%E6%9C%AC%E7%B7%A8/
174,4>5>7>9800-9899/RJ316856/%E6%9C%AC%E7%B7%A8/
175,4>2>1>2021-03-05/RJ315439/%E3%83%91%E3%83%83%E3%82%B1%E3%83%BC%E3%82%B8%E3%82%A4%E3%83%A9%E3%82%B9%E3%83%88/
176,4>2>1>2023-03-24/RJ430773/%E5%8D%B3%E3%82%A4%E3%82%AD%E5%BD%BC%E5%A5%B3%E7%89%B9%E5%85%B8/
177,4>2>1>2023-02-15/RJ01022104/%E3%82%B9%E3%83%9E%E3%83%9B%EF%BC%86PC%E5%A3%81%E7%B4%99/%E3%82%B9%E3%83%9E%E3%83%9B%E7%94%A8/
178,4>2>1>2022-11-29/RJ432880/2_%E3%81%8A%E3%81%BE%E3%81%91/1_%E3%81%97%E3%82%85%E3%82%8B%E7%89%88%E6%A7%98%E6%8F%8F%E3%81%8D%E4%B8%8B%E3%82%8D%E3%81%97%E3%82%A4%E3%83%A9%E3%82%B9%E3%83%88/
179,4>2>1>2022-11-05/RJ418151/
180,4>2>1>2023-04-05/RJ01035824/04_%E3%81%8A%E3%81%BE%E3%81%91/
181,4>2>1>2023-03-23/RJ01032881/%E3%82%A4%E3%83%A9%E3%82%B9%E3%83%88/%E3%81%A1%E3%81%B3%E3%82%AD%E3%83%A3%E3%83%A9/
182,4>2>1>2023-02-20/RJ438225/%E7%89%B9%E5%85%B8/%E7%94%BB%E5%83%8F/
183,4>2>1>2022-12-18/RJ427661/%E3%82%A4%E3%83%A9%E3%82%B9%E3%83%88%E3%83%87%E3%83%BC%E3%82%BF/
184,4>2>1>2021-09-13/RJ338130/%E3%82%A4%E3%83%A9%E3%82%B9%E3%83%88/%E3%83%A1%E3%82%A4%E3%83%B3%E3%83%93%E3%82%B8%E3%83%A5%E3%82%A2%E3%83%AB/
185,4>2>1>2023-04-10/RJ01035581/%E7%94%BB%E5%83%8F/
186,4>5>1>2023-01-11/RJ01008483/
187,4>2>1>2023-01-11/RJ01007071/SE%E3%81%82%E3%82%8Awav/
188,4>2>1>2023-03-29/RJ01024466/%E3%82%A4%E3%83%A9%E3%82%B9%E3%83%88/
189,4>2>1>2023-04-24/RJ01046110/03_%E3%82%A4%E3%83%A9%E3%82%B9%E3%83%88/
190,4>2>1>2021-10-12/RJ343049/%E3%82%A4%E3%83%A9%E3%82%B9%E3%83%88/
191,4>2>1>2022-10-23/RJ412274/
192,4>2>1>2025-02-05/RJ01308666/%E3%82%A4%E3%83%A9%E3%82%B9%E3%83%88/%E5%A3%81%E7%B4%99/
193,4>2>1>2024-09-16/RJ01221507/%E3%80%90%E3%81%94%E8%B3%BC%E5%85%A5%E8%80%85%E6%A7%98%E7%89%B9%E5%85%B8%E3%80%91%E7%88%BA%E3%82%8F%E3%82%89%E5%85%88%E7%94%9F%E6%8F%8F%E3%81%8D%E3%81%8A%E3%82%8D%E3%81%97%E9%AB%98%E8%A7%A3%E5%83%8F%E5%BA%A6%E3%82%A4%E3%83%A9%E3%82%B9%E3%83%88/
194,4>5>1>2024-09-16/RJ01221507/%E9%9F%B3%E5%A3%B0%E3%83%87%E3%83%BC%E3%82%BF/WAV/%E3%80%9004%E3%80%91%E3%81%8A%E3%81%BE%E3%81%91%E3%83%AB%E3%83%BC%E3%83%97%EF%BC%88%E3%82%AA%E3%83%8A%E3%82%B5%E3%83%9D%EF%BC%89/%E3%80%9003%E3%80%91%E5%96%98%E3%81%8E%E3%83%AB%E3%83%BC%E3%83%97/
195,4>2>1>2025-04-13/RJ01347873/
196,4>2>1>2025-05-08/RJ01362071/%E3%83%A1%E3%82%A4%E3%83%B3%E3%83%93%E3%82%B8%E3%83%A5%E3%82%A2%E3%83%AB/
197,4>5>1>2025-04-06/RJ01344347/%E2%99%A1%E7%89%B9%E5%85%B8%E2%99%A1/%E3%83%AB%E3%83%BC%E3%83%97%E9%9F%B3%E5%A3%B0/
198,4>2>1>2025-05-12/RJ01363329/%E3%82%A4%E3%83%A9%E3%82%B9%E3%83%88JPG/%E3%83%A1%E3%82%A4%E3%83%B3%E3%83%93%E3%82%B8%E3%83%A5%E3%82%A2%E3%83%AB/
199,4>2>1>2025-03-03/RJ01325161/%E2%96%A005_%E8%B3%BC%E5%85%A5%E7%89%B9%E5%85%B8%E3%80%8E%E3%82%B8%E3%83%A3%E3%82%B1%E3%83%83%E3%83%88%E3%82%A4%E3%83%A9%E3%82%B9%E3%83%88%E3%80%8F/
200,4>5>1>2024-08-21/RJ01223115/%E9%9F%B3%E5%A3%B0%E6%9C%AC%E7%B7%A8/
201,4>2>1>2025-05-11/RJ01360895/2.%E3%82%A4%E3%83%A9%E3%82%B9%E3%83%88%EF%BC%88%E6%97%A9%E6%9C%9F%E9%99%90%E5%AE%9A1%E6%9E%9A%E3%80%81%E3%83%AD%E3%82%B4%E3%81%AA%E3%81%97%E3%82%A4%E3%83%A9%E3%82%B9%E3%83%881%E6%9E%9A%EF%BC%89/JPG/
202,4>2>1>2025-06-03/RJ01351845/%E3%82%A4%E3%83%A9%E3%82%B9%E3%83%88%E3%83%87%E3%83%BC%E3%82%BF/
203,4>5>1>2025-07-05/RJ01383365/wav%20SE%E6%9C%89%E3%82%8A/
204,4>2>1>2024-04-19/RJ01167727/%E3%82%A4%E3%83%A9%E3%82%B9%E3%83%88JPG/%E3%83%A1%E3%82%A4%E3%83%B3%E3%83%93%E3%82%B8%E3%83%A5%E3%82%A2%E3%83%AB/
205,4>2>7>7400-7499/RJ279209/%E3%82%A4%E3%83%A9%E3%82%B9%E3%83%88/
206,4>2>1>2025-08-27/RJ01435209/%E5%A3%81%E7%B4%99/%E3%82%B9%E3%83%9E%E3%83%9B%E7%94%A8/
207,4>2>1>2025-09-02/RJ01435198/%E5%A3%81%E7%B4%99/%E3%82%B9%E3%83%9E%E3%83%9B%E7%94%A8/
208,4>2>1>2025-07-25/RJ01406339/%E3%82%A4%E3%83%A9%E3%82%B9%E3%83%88JPG/
209,4>2>1>2025-07-25/RJ01406339/%E5%A3%81%E7%B4%99/%E3%82%B9%E3%83%9E%E3%83%9B%E7%94%A8/
210,4>2>1>2025-07-19/RJ01361036/%E7%89%B9%E5%85%B8%EF%BC%88%E3%83%81%E3%82%A2%E3%83%91%E3%83%BC%E3%83%97%E3%83%AB%EF%BC%89/%E3%82%B9%E3%83%9E%E3%83%9B%E5%A3%81%E7%B4%99/
211,4>2>1>2025-07-23/RJ01397400/%E3%82%A4%E3%83%A9%E3%82%B9%E3%83%88/
212,4>5>1>2024-01-22/RJ01066684/%E7%89%B9%E5%85%B8_wav/
213,4>2>1>2025-03-31/RJ01332451/CG/
214,4>2>7>7300-7399/RJ276886/
215,4>5>7>7300-7399/RJ276886/WAV/
216,4>2>1>2023-04-04/RJ01024994/%E9%AB%98%E7%94%BB%E8%B3%AA%E3%82%B8%E3%83%A3%E3%82%B1%E3%83%83%E3%83%88%E8%A1%A8%E7%B4%99/
217,4>2>1>2023-04-04/RJ01024994/%E7%89%B9%E5%85%B8%E3%82%A4%E3%83%A9%E3%82%B9%E3%83%88/
218,4>2>1>2023-05-06/RJ01051259/%E6%9C%AC%E7%B7%A8/
219,4>2>1>2021-06-24/RJ332593/%E3%82%A4%E3%83%A9%E3%82%B9%E3%83%88/
220,4>2>1>2023-05-06/RJ01047483/04_%E7%89%B9%E5%85%B8%E3%82%A4%E3%83%A9%E3%82%B9%E3%83%88/
221,4>2>1>2022-08-07/RJ388694/%E3%82%A4%E3%83%A9%E3%82%B9%E3%83%88/
222,4>2>7>9300-9399/RJ306372/EX%E3%83%87%E3%83%BC%E3%82%BF/
223,4>2>1>2023-03-02/RJ01013493/02a-%E3%80%90%E3%82%A4%E3%83%A9%E3%82%B9%E3%83%88%E3%80%91/
224,4>2>7>9800-9899/RJ316856/EX%E3%83%87%E3%83%BC%E3%82%BF/
225,4>2>1>2022-12-12/RJ437091/EX%E3%83%87%E3%83%BC%E3%82%BF/
226,4>5>1>2023-02-15/RJ01022104/
227,4>5>1>2022-11-05/RJ418151/%E5%8A%B9%E6%9E%9C%E9%9F%B3%E6%9C%89%E3%82%8A/
228,4>2>1>2021-07-02/RJ332227/2.%E3%82%A2%E3%83%BC%E3%83%88%E3%83%AF%E3%83%BC%E3%82%AF/
229,4>2>1>2023-05-05/RJ01049698/%E3%81%95%E3%81%8F%E3%82%89%E3%81%A8%E3%82%81%E3%81%84%E7%89%B9%E5%85%B8/
230,4>5>1>2023-05-05/RJ01049698/%E3%81%95%E3%81%8F%E3%82%89%E3%81%A8%E3%82%81%E3%81%84%E6%9C%AC%E7%B7%A8/
231,4>2>1>2022-01-19/RJ362188/2.%E3%82%A2%E3%83%BC%E3%83%88%E3%83%AF%E3%83%BC%E3%82%AF/
232,4>2>7>8800-8899/RJ299164/
233,4>2>1>2021-09-13/RJ338130/%E3%82%A4%E3%83%A9%E3%82%B9%E3%83%88/%E3%81%A1%E3%81%B3%E3%82%AD%E3%83%A3%E3%83%A9/
234,4>5>1>2021-09-13/RJ338130/
235,4>5>1>2023-04-10/RJ01035581/%E9%9F%B3%E5%A3%B0%E6%9C%AC%E7%B7%A8/
236,4>5>1>2023-03-29/RJ01025198/
237,4>2>1>2023-01-11/RJ01007071/%E3%82%A4%E3%83%A9%E3%82%B9%E3%83%88/
238,4>2>1>2023-03-06/RJ01028850/
239,4>2>1>2023-03-29/RJ01024466/%E4%BD%99%E8%AB%87%E3%83%88%E3%83%A9%E3%83%83%E3%82%AF/
240,4>2>1>2023-03-29/RJ01024466/%E3%83%95%E3%83%AA%E3%83%BC%E3%83%88%E3%83%BC%E3%82%AF/
241,4>2>1>2021-05-08/RJ324445/%E7%94%BB%E5%83%8F/
242,4>2>1>2021-05-08/RJ324445/wav/
243,4>2>1>2023-05-07/RJ01021775/%E3%82%A4%E3%83%A9%E3%82%B9%E3%83%88/
244,4>5>1>2024-02-07/RJ01004501/SE%E6%9C%89/
245,4>2>1>2024-06-13/RJ01069303/
246,4>2>1>2021-09-27/RJ337731/
247,4>2>1>2022-03-09/RJ374925/%E3%82%A4%E3%83%A9%E3%82%B9%E3%83%88/
248,4>2>1>2022-07-01/RJ390191/
249,4>5>1>2022-07-01/RJ390191/wav/
250,4>5>1>2022-07-01/RJ390191/Bonus/
251,4>2>1>2021-08-20/RJ338124/EX%E3%83%87%E3%83%BC%E3%82%BF/
252,4>5>1>2021-08-20/RJ338124/%E6%9C%AC%E7%B7%A8/
253,4>2>1>2022-12-27/RJ437887/EX%E3%83%87%E3%83%BC%E3%82%BF/
254,4>5>1>2021-10-12/RJ343049/wav/
255,4>8>/8a12e68a-154b-4206-a6d7-dadd1141b198/
256,4>8>/9eb27ab6-a0db-461d-9bbd-628ecc9a6769/
257,4>9>/9eb27ab6-a0db-461d-9bbd-628ecc9a6769/
258,4>2>1>2021-11-04/RJ345104/%E3%82%A4%E3%83%A9%E3%82%B9%E3%83%88/
259,4>5>1>2022-10-04/RJ407284/wav/
260,4>2>1>2022-07-21/RJ397359/%E3%82%A4%E3%83%A9%E3%82%B9%E3%83%88/
261,4>2>1>2023-09-20/RJ01089088/%EE%BE%83C%EE%BE%83%EE%BE%89%EE%BE%83X%EE%BE%83g/
262,4>2>1>2024-02-07/RJ01031871/%E3%82%A4%E3%83%A9%E3%82%B9%E3%83%88/
263,4>5>1>2024-02-07/RJ01031871/
264,4>5>1>2022-12-28/RJ439902/wav/
265,4>2>1>2025-02-05/RJ01308666/%E3%82%A4%E3%83%A9%E3%82%B9%E3%83%88/
266,4>2>1>2025-01-19/RJ01302846/04_%E3%83%91%E3%83%83%E3%82%B1%E3%83%BC%E3%82%B8%E3%82%A4%E3%83%A9%E3%82%B9%E3%83%88/
267,4>2>1>2024-11-17/RJ01268787/04_%E7%89%B9%E5%85%B8%E3%82%A4%E3%83%A9%E3%82%B9%E3%83%88/
268,4>2>1>2023-09-04/RJ01087361/EX%E3%83%87%E3%83%BC%E3%82%BF/
269,4>2>1>2024-11-10/RJ01251665/04_%E7%89%B9%E5%85%B8%E3%82%A4%E3%83%A9%E3%82%B9%E3%83%88/
270,4>2>1>2024-12-25/RJ01286566/04_%E7%89%B9%E5%85%B8%E3%82%A4%E3%83%A9%E3%82%B9%E3%83%88/
271,4>2>1>2024-12-22/RJ01281489/04_%E7%89%B9%E5%85%B8%E3%82%A4%E3%83%A9%E3%82%B9%E3%83%88/
272,4>5>1>2024-09-16/RJ01221507/%E9%9F%B3%E5%A3%B0%E3%83%87%E3%83%BC%E3%82%BF/WAV/%E3%80%9004%E3%80%91%E3%81%8A%E3%81%BE%E3%81%91%E3%83%AB%E3%83%BC%E3%83%97%EF%BC%88%E3%82%AA%E3%83%8A%E3%82%B5%E3%83%9D%EF%BC%89/%E3%80%9001%E3%80%91%E3%82%AD%E3%82%B9%E3%83%AB%E3%83%BC%E3%83%97/
273,4>5>1>2024-09-16/RJ01221507/%E9%9F%B3%E5%A3%B0%E3%83%87%E3%83%BC%E3%82%BF/WAV/%E3%80%9004%E3%80%91%E3%81%8A%E3%81%BE%E3%81%91%E3%83%AB%E3%83%BC%E3%83%97%EF%BC%88%E3%82%AA%E3%83%8A%E3%82%B5%E3%83%9D%EF%BC%89/%E3%80%90EX%E7%89%B9%E5%88%A5%E3%82%AA%E3%83%8A%E3%82%B5%E3%83%9DASMR%E3%80%91/
274,4>2>1>2025-04-11/RJ01355818/
275,4>2>1>2025-04-06/RJ01333366/
276,4>2>1>2025-04-06/RJ01344347/%E2%99%A1%E7%89%B9%E5%85%B8%E2%99%A1/%E3%82%A4%E3%83%A9%E3%82%B9%E3%83%88%EF%BC%86%E3%83%91%E3%83%83%E3%82%B1%E3%83%BC%E3%82%B8/
277,4>2>1>2025-04-07/RJ01343492/04_%E3%82%B8%E3%83%A3%E3%82%B1%E3%83%83%E3%83%88%E3%82%A4%E3%83%A9%E3%82%B9%E3%83%88/
278,4>2>1>2025-03-04/RJ01329464/%E3%82%A4%E3%83%A9%E3%82%B9%E3%83%88JPG/%E3%83%A1%E3%82%A4%E3%83%B3%E3%83%93%E3%82%B8%E3%83%A5%E3%82%A2%E3%83%AB/
279,4>2>1>2025-03-04/RJ01329464/%E3%82%A4%E3%83%A9%E3%82%B9%E3%83%88JPG/%E3%81%A1%E3%81%B3%E3%82%AD%E3%83%A3%E3%83%A9/
280,4>5>1>2025-03-04/RJ01329464/
281,4>2>1>2025-03-03/RJ01325161/%E2%96%A010_%E8%B3%BC%E5%85%A5%E7%89%B9%E5%85%B8%E3%80%8E%E3%82%AD%E3%83%A3%E3%83%A9%E3%81%AE%E3%81%BF%20%EF%BC%8B%20%E8%83%8C%E6%99%AF%E3%81%AA%E3%81%97%E3%80%80%E7%9D%80%E8%A1%A3%E5%B7%AE%E5%88%86%E3%82%A4%E3%83%A9%E3%82%B9%E3%83%88%E3%80%8F/
282,4>2>1>2025-03-03/RJ01325161/%E2%96%A011_%E8%B3%BC%E5%85%A5%E7%89%B9%E5%85%B8%E3%80%8E%E3%82%AD%E3%83%A3%E3%83%A9%E3%81%AE%E3%81%BF%20%EF%BC%8B%20%E8%83%8C%E6%99%AF%E3%81%AA%E3%81%97%20%EF%BC%8B%20%E3%82%A8%E3%83%95%E3%82%A7%E3%82%AF%E3%83%88%E3%81%AA%E3%81%97%E3%80%80%E7%9D%80%E8%A1%A3%E5%B7%AE%E5%88%86%E3%82%A4%E3%83%A9%E3%82%B9%E3%83%88%E3%80%8F/
283,4>2>1>2025-03-03/RJ01325161/%E2%96%A009_%E8%B3%BC%E5%85%A5%E7%89%B9%E5%85%B8%E3%80%8E%E8%B2%A9%E4%BF%83PV%E5%8B%95%E7%94%BB%E3%80%8F/
284,4>2>1>2025-04-07/RJ01344488/img/
285,4>2>1>2022-06-22/RJ395212/
286,4>5>1>2025-06-08/RJ01374366/01.%20%E6%9C%AC%E7%B7%A8%E3%80%8CSE%E3%81%82%E3%82%8AWAV%E3%80%8D/
287,4>5>1>2024-08-13/RJ01223146/
288,4>2>1>2024-06-21/RJ01184348/02_%E3%82%A4%E3%83%A9%E3%82%B9%E3%83%88/
289,4>5>1>2024-06-21/RJ01184348/04_%E3%81%8A%E3%81%BE%E3%81%91/01_%E3%81%8A%E3%81%BE%E3%81%91%E3%83%AB%E3%83%BC%E3%83%97%E9%9F%B3%E5%A3%B0/
290,4>2>1>2024-06-21/RJ01184348/04_%E3%81%8A%E3%81%BE%E3%81%91/01_%E3%81%8A%E3%81%BE%E3%81%91%E3%83%AB%E3%83%BC%E3%83%97%E9%9F%B3%E5%A3%B0/
291,4>2>1>2024-04-19/RJ01167727/%E3%82%A4%E3%83%A9%E3%82%B9%E3%83%88JPG/%E3%81%A1%E3%81%B3%E3%82%AD%E3%83%A3%E3%83%A9/
292,4>2>1>2025-05-12/RJ01353632/
293,4>5>1>2025-05-12/RJ01353632/freetalk/
294,4>2>1>2025-08-22/RJ01413902/
295,4>2>1>2024-11-11/RJ01252226/
296,4>2>1>2024-01-22/RJ01066684/
297,4>2>1>2025-04-30/RJ01299530/
298,4>2>1>2025-08-20/RJ01388021/%E3%82%A4%E3%83%A9%E3%82%B9%E3%83%88/
299,4>2>1>2025-09-17/RJ01427160/
300,4>5>1>2023-10-19/RJ01098713/%E6%9C%AC%E7%B7%A8/%E3%82%B2%E3%83%83%E3%83%97%E3%81%BE%E3%81%A8%E3%82%81/
301,4>2>1>2024-01-30/RJ01127317/%E3%82%A4%E3%83%A9%E3%82%B9%E3%83%88/
302,4>2>1>2025-06-07/RJ01377909/%E3%81%8A%E3%81%BE%E3%81%91/
303,4>10>/modpub/images2/work/doujin/RJ01331000/
304,4>2>1>2022-04-26/RJ385221/
305,4>10>/modpub/images2/work/doujin/RJ01342000/
306,4>2>7>5000-5099/RJ234970/
307,4>2>1>2023-06-04/RJ01049146/
308,4>2>1>2025-09-15/RJ01424882/04_%E7%89%B9%E5%85%B8%E3%82%A4%E3%83%A9%E3%82%B9%E3%83%88/